{
  "temperature": 80.0,
  "voltage": 250.0,
  "current": 20.0,
  "power": 5000.0,
  "resistance": 1000.0
}

{
    "circuit_id": 2,
    "file_name": "RealTimeData_2_2_20251107_115502.db",
    "table_name": "readings",
    "timestamp": "2025-11-07T06:25:02.897084+00:00",
    "battery_id": 3682,
    "avgcellvol": 49.31914256577973,
    "battlowsocwarn": 14.937495806587897,
    "bmsstatus": 21.062498619994983,
    "cellbalstatus": 29.118572111593565,
    "celloverdevprot": 70.81091557461846,
    "cellovervolprot": 9.77546763620869,
    "cellovervolwarn": 5.596635547026652,
    "cellundervolprot": 93.08137613152951,
    "cellundervolwarn": 17.79570888286447,
    "cellvol01": 24.582405447557043,
    "cellvol02": 4.438714841638147,
    "cellvol03": 48.52719533300799,
    "cellvol04": 21.233129505617644,
    "cellvol05": 25.154419149821383,
    "cellvol06": 24.890842958443294,
    "cellvol07": 2.500123249408659,
    "cellvol08": 46.7905008922313,
    "cellvol09": 66.87099385509511,
    "cellvol10": 75.38800046707787,
    "cellvol11": 29.998946046746088,
    "cellvol12": 19.029420246171703,
    "cellvol13": 1.6380844622311486,
    "cellvol14": 13.574954949420714,
    "cellvol15": 84.10159594858462,
    "cellvol16": 42.022777701639626,
    "cellvol17": 27.613270867713712,
    "cellvol18": 40.36513551661511,
    "cellvolminmaxdev": 32.34472035283894,
    "chgfetstatus": 59.64302418206785,
    "chgovercurrprot": 4.025316941290235,
    "chgovertempprot": 33.31934482926535,
    "chgovertempwarn": 46.97991156347602,
    "chgundertempprot": 61.0999903662013,
    "chgundertempwarn": 60.16477862563382,
    "cyclecount": 30.70796114232266,
    "dchgfetstatus": 32.39957301665981,
    "dchgovercurrprot": 4.347208210775046,
    "dchgovertempprot": 29.28006830394891,
    "dchgovertempwarn": 57.404244863676844,
    "dchgundertempprot": 35.31115467483682,
    "dchgundertempwarn": 37.8295419653514,
    "dschgpeakprot": 63.64496330411693,
    "fetfailure": 86.6907453024488,
    "fettemp": 51.680475643481145,
    "fettempprot": 54.14862104871367,
    "fwver": 18.260004330962254,
    "hwver": 56.31652173488175,
    "ledstatus": 71.7631753500318,
    "maxcellvol": 32.65943005025843,
    "maxtemp": 54.1637690438997,
    "maxtempid": 28.84368000011897,
    "maxvoltid": 226.887307239187,
    "mincellvol": 35.14027471125114,
    "mintemp": 49.70461324681243,
    "mintempid": 54.468377912659236,
    "minvoltid": 211.61335052420034,
    "packcurr": 1.5574489233964086,
    "packovervolprot": 84.94616741620139,
    "packovervolwarn": 28.21113185496692,
    "packundervolprot": 75.409475745995,
    "packundervolwarn": 93.01724700187845,
    "packvol": 49.7696986926626,
    "prechgfetstatus": 86.06614728274332,
    "ref_volt": 217.1747677654927,
    "ressocprot": 112.97280371989086,
    "resstatus": 118.28211504319056,
    "soc": 78.00153798209998,
    "socah": 79.23998024516143,
    "soh": 94.32570448364127,
    "shortcktprot": 40.64516157253444,
    "temp1": 38.48817106500472,
    "temp2": 48.521990209745084,
    "temp3": 61.00199409271552,
    "temp4": 43.9897539846654,
    "temp5": 60.574018044151494,
    "temp6": 42.01427784247913,
    "temp7": 46.84623244598117,
    "temp8": 34.37495000847147,
    "tempsensefault": 28.216602125383822,
    "v12_ref": 92.39878772058964,
    "v3_3_ref": 30.78337042003604,
    "v5_ref": 33.28225508853326
}